STT,Tên Mã QR,Short Link,Định dạng,Kích thước,Ngày tải
"1","Sơ đồ địa giới - Thôn Lương Lễ","https://qr-i.io/axkmgsys","PNG","1000x1000","1/10/2026"
"2","Sơ đồ địa giới - Thôn 3A","https://qr-i.io/2lcnmdj3","PNG","1000x1000","1/10/2026"
"3","Thôn Lương Lễ - xã Khe Sanh","https://qr-i.io/nzxowp32","PNG","1000x1000","1/10/2026"
"4","Thôn 3A - Xã Khe Sanh","https://qr-i.io/ofu6m556","PNG","1000x1000","1/10/2026"
"5","Xóm Tà Đủ - Thôn Lương Lễ","https://qr-i.io/d3diwa1g","PNG","1000x1000","1/10/2026"
"6","Xóm 5 - Thôn Lương Lễ","https://qr-i.io/0kkjc9ub","PNG","1000x1000","1/10/2026"
"7","Xóm 4 - Thôn Lương Lễ","https://qr-i.io/ovd4fyj9","PNG","1000x1000","1/10/2026"
"8","Xóm 3 - Thôn Lương Lễ","https://qr-i.io/08keaoq8","PNG","1000x1000","1/10/2026"
"9","Xóm 2 - Thôn Lương Lễ","https://qr-i.io/0lcac9ie","PNG","1000x1000","1/10/2026"
"10","Xóm 1 - Thôn Lương Lễ","https://qr-i.io/3g5lpotu","PNG","1000x1000","1/10/2026"
"11","Đường Trần Nguyên Hãn","https://qr-i.io/8c5ewtex","PNG","1000x1000","1/10/2026"
"12","Đường Hồ Sỹ Thản","https://qr-i.io/i25jt5hv","PNG","1000x1000","1/10/2026"
"13","Đường Nguyễn Văn Linh","https://qr-i.io/0v0bya2a","PNG","1000x1000","1/10/2026"
"14","Ngõ 01 - Hà Huy Tập","https://qr-i.io/q5ekbcre","PNG","1000x1000","1/10/2026"
"15","Đường Hà Huy Tập","https://qr-i.io/e8ibk4he","PNG","1000x1000","1/10/2026"
"16","Ngõ 01 - Bùi Thị Xuân","https://qr-i.io/hqf01r9e","PNG","1000x1000","1/10/2026"
"17","Đường Bùi Thị Xuân","https://qr-i.io/4nu26m6c","PNG","1000x1000","1/10/2026"
"18","Ngõ 02 - Đường Ngô Sỹ Liên","https://qr-i.io/6mn26njy","PNG","1000x1000","1/10/2026"
"19","Ngõ 01 - Đường Ngô Sỹ Liên","https://qr-i.io/0skxvo5y","PNG","1000x1000","1/10/2026"
"20","Đường Ngô Sỹ Liên","https://qr-i.io/9sryu432","PNG","1000x1000","1/10/2026"
"21","Kiệt 35 - Đường Ngô Sỹ Liên","https://qr-i.io/mcfj2834","PNG","1000x1000","1/10/2026"
"22","Đường Hai Bà Trưng","https://qr-i.io/a5yqhnbg","PNG","1000x1000","1/10/2026"
"23","Đường Nguyễn Trãi","https://qr-i.io/20nvyaba","PNG","1000x1000","1/10/2026"
"24","Đường Trần Hữu Dực","https://qr-i.io/eonrjcn7","PNG","1000x1000","1/10/2026"
"25","Đường Đặng Thai Mai","https://qr-i.io/6ipzcry1","PNG","1000x1000","1/10/2026"
"26","Đường Lê Hành","https://qr-i.io/mg808uog","PNG","1000x1000","1/10/2026"
"27","Đường Hùng Vương","https://qr-i.io/k81sdmqi","PNG","1000x1000","1/10/2026"
"28","Ngõ 22 - Hùng Vương","https://qr-i.io/kfq5td3m","PNG","1000x1000","1/10/2026"
"29","Ngõ 30 - Hùng Vương","https://qr-i.io/puagwn3o","PNG","1000x1000","1/10/2026"
"30","Đường Lê Duẩn","https://qr-i.io/95mi0ox7","PNG","1000x1000","1/10/2026"
"31","Ngõ 171 Lê Duẩn","https://qr-i.io/2og4ivp0","PNG","1000x1000","1/10/2026"